<?xml version="1.0" encoding="UTF-8"?>
<!DOCTYPE mapper PUBLIC "-//mybatis.org//DTD Mapper 3.0//EN" "http://mybatis.org/dtd/mybatis-3-mapper.dtd">
<mapper namespace="xzs.repository.TextContentMapper">
  <resultMap id="BaseResultMap" type="xzs.domain.TextContent">
    <id column="id" jdbcType="INTEGER" property="id" />
    <result column="content" jdbcType="VARCHAR" property="content" />
    <result column="create_time" jdbcType="TIMESTAMP" property="createTime" />
  </resultMap>
  <sql id="Base_Column_List">
    id, content, create_time
  </sql>
  <select id="selectByPrimaryKey" parameterType="java.lang.Integer" resultMap="BaseResultMap">
    select
    <include refid="Base_Column_List" />
    from t_text_content
    where id = #{id,jdbcType=INTEGER}
  </select>
  <delete id="deleteByPrimaryKey" parameterType="java.lang.Integer">
    delete from t_text_content
    where id = #{id,jdbcType=INTEGER}
  </delete>
  <insert id="insert" parameterType="xzs.domain.TextContent" useGeneratedKeys="true" keyProperty="id">
    insert into t_text_content (id, content, create_time
      )
    values (#{id,jdbcType=INTEGER}, #{content,jdbcType=VARCHAR}, #{createTime,jdbcType=TIMESTAMP}
      )
  </insert>
  <insert id="insertSelective" parameterType="xzs.domain.TextContent" useGeneratedKeys="true" keyProperty="id">
    insert into t_text_content
    <trim prefix="(" suffix=")" suffixOverrides=",">
      <if test="id != null">
        id,
      </if>
      <if test="content != null">
        content,
      </if>
      <if test="createTime != null">
        create_time,
      </if>
    </trim>
    <trim prefix="values (" suffix=")" suffixOverrides=",">
      <if test="id != null">
        #{id,jdbcType=INTEGER},
      </if>
      <if test="content != null">
        #{content,jdbcType=VARCHAR},
      </if>
      <if test="createTime != null">
        #{createTime,jdbcType=TIMESTAMP},
      </if>
    </trim>
  </insert>
  <update id="updateByPrimaryKeySelective" parameterType="xzs.domain.TextContent">
    update t_text_content
    <set>
      <if test="content != null">
        content = #{content,jdbcType=VARCHAR},
      </if>
      <if test="createTime != null">
        create_time = #{createTime,jdbcType=TIMESTAMP},
      </if>
    </set>
    where id = #{id,jdbcType=INTEGER}
  </update>
  <update id="updateByPrimaryKey" parameterType="xzs.domain.TextContent">
    update t_text_content
    set content = #{content,jdbcType=VARCHAR},
      create_time = #{createTime,jdbcType=TIMESTAMP}
    where id = #{id,jdbcType=INTEGER}
  </update>
</mapper>
